ID,CPM2DRE,DRE2CPM,type,Label,QTH_country,QTH_rest,sensor_model,sensor_type,loc,in_testing_since,in_production_since,timestamp_to,fill_color,border_color,img,alt,width,height,comment,DEV_ID,sensor_cluster_ID
,*****,,polygon,Exclusion_zone,Japan,,,,"<Polygon><outerBoundaryIs><LinearRing><coordinates>141.002563,37.477161 140.992874,37.476490 140.993973,37.479351 140.991577,37.483021 140.986694,37.482681 140.981964,37.481312 140.976822,37.483841 140.973206,37.481731 140.977493,37.476212 140.979126,37.470772 140.974564,37.469200 140.972275,37.469540 140.964523,37.467091 140.965057,37.465031 140.962997,37.464500 140.962830,37.465721 140.959747,37.470901 140.958023,37.475471 140.953735,37.474781 140.951416,37.475540 140.944031,37.475471 140.944290,37.483372 140.942490,37.484589 140.941711,37.487389 140.948410,37.486641 140.946503,37.492352 140.952866,37.497601 140.956284,37.498692 140.956284,37.501411 140.952682,37.501541 140.946854,37.503860 140.943771,37.508770 140.940674,37.510811 140.938614,37.509651 140.934586,37.510731 140.933731,37.512241 140.927887,37.511551 140.922577,37.508560 140.918015,37.516392 140.912796,37.518372 140.909683,37.518372 140.908325,37.520821 140.903595,37.522041 140.899094,37.539570 140.883560,37.558350 140.879913,37.563690 140.872314,37.567322 140.865417,37.571171 140.851425,37.607281 140.840347,37.617691 140.833481,37.616810 140.830475,37.615452 140.824905,37.615101 140.818802,37.617420 140.816406,37.615250 140.814346,37.614281 140.815002,37.608791 140.813477,37.604561 140.806107,37.600971 140.792953,37.593410 140.781982,37.599541 140.780045,37.599091 140.779022,37.604221 140.771515,37.615040 140.769714,37.624352 140.759842,37.626530 140.742325,37.627281 140.739487,37.623470 140.722885,37.622181 140.721252,37.621540 140.729370,37.609711 140.726791,37.608860 140.726700,37.607601 140.729065,37.607430 140.730392,37.606651 140.731644,37.607361 140.734253,37.603420 140.729523,37.600891 140.718643,37.600971 140.719406,37.599201 140.725754,37.593830 140.723785,37.591381 140.724304,37.587292 140.713226,37.572880 140.709015,37.574921 140.701904,37.575600 140.698273,37.574100 140.699585,37.570770 140.698273,37.561241 140.694595,37.560020 140.683792,37.543072 140.706192,37.543011 140.712296,37.540211 140.722336,37.540211 140.741470,37.533211 140.750137,37.533070 140.751663,37.535931 140.748947,37.541302 140.756485,37.543812 140.761963,37.540901 140.763870,37.538441 140.774170,37.539471 140.784805,37.536541 140.789627,37.532871 140.784470,37.525921 140.794174,37.523472 140.791855,37.517620 140.824982,37.510670 140.834946,37.506321 140.834595,37.501141 140.836044,37.483570 140.840347,37.468441 140.838455,37.465790 140.835022,37.462791 140.835236,37.461391 140.839920,37.458561 140.843872,37.458031 140.845535,37.455051 140.844040,37.453770 140.845291,37.451511 140.844376,37.450191 140.842743,37.450260 140.843933,37.447392 140.843353,37.445961 140.844543,37.444672 140.843781,37.441662 140.847137,37.440651 140.850464,37.438271 140.851852,37.426941 140.850464,37.424011 140.852707,37.423191 140.854507,37.421291 140.857941,37.420341 140.860504,37.422180 140.865143,37.421761 140.867386,37.419930 140.873215,37.421982 140.880692,37.430500 140.883514,37.429192 140.894333,37.433491 140.892624,37.425732 140.894592,37.421631 140.893906,37.418701 140.894684,37.417332 140.898544,37.419651 140.900345,37.412231 140.894684,37.407730 140.894684,37.404930 140.898804,37.403831 140.900177,37.400501 140.902237,37.397491 140.903595,37.400230 140.911926,37.402611 140.912964,37.395390 140.921432,37.398170 140.922287,37.396542 140.917084,37.391022 140.919052,37.391090 140.921417,37.392052 140.923477,37.392071 140.928146,37.394161 140.938583,37.394321 140.947037,37.398312 140.948227,37.400162 140.951370,37.400230 140.954224,37.401390 140.958786,37.401180 140.961624,37.398800 140.963333,37.399342 140.967270,37.395302 140.968491,37.393070 140.970551,37.394081 140.973984,37.392181 140.970291,37.389851 140.972015,37.389660 140.972855,37.380661 140.976990,37.381062 140.980591,37.379360 140.985306,37.379211 140.988083,37.378250 140.989304,37.376511 140.990204,37.376530 140.990723,37.375061 140.991653,37.371700 140.992096,37.363602 140.995605,37.362911 140.995773,37.361622 140.996323,37.361462 140.997498,37.358341 141.000031,37.354111 141.000626,37.353470 141.001236,37.353680 141.002487,37.353161 141.003036,37.352692 141.005096,37.352520 141.005646,37.351410 141.005753,37.350441 141.006561,37.350201 141.007935,37.350330 141.008194,37.351021 141.009033,37.350971 141.009277,37.351601 141.009064,37.352020 141.010544,37.354450 141.011826,37.352661 141.013153,37.352791 141.014862,37.353271 141.017014,37.354061 141.017853,37.354050 141.019547,37.354382 141.023254,37.353661 141.028641,37.353180 141.030502,37.359852 141.031281,37.359852 141.031525,37.360531 141.034653,37.359982 141.036255,37.359852 141.036423,37.361721 141.038101,37.361961 141.037964,37.362720 141.036987,37.362911 141.037155,37.363251 141.038773,37.363701 141.038834,37.364861 141.036713,37.365131 141.036301,37.366322 141.036301,37.382011 141.033890,37.405750 141.035095,37.437790 141.038361,37.447731 141.037247,37.456532 141.019516,37.455341 141.021545,37.456841 141.021576,37.459599 141.022141,37.462219 141.021194,37.462902 141.021881,37.463993 141.020676,37.465797 141.020981,37.469887 141.017075,37.471180 141.016907,37.473011 141.013290,37.474850 141.012436,37.473961 141.010117,37.473701 141.008835,37.475670 141.006073,37.475060 141.002563,37.477161</coordinates></LinearRing></outerBoundaryIs></Polygon>",2013,,,#FF000003,#FFFF00,,the exclusion zone,100,50,,,
,*****,,polygon,30km_zone,Japan,,,,"<Polygon><outerBoundaryIs><LinearRing><coordinates>141.033247,37.694746585236 141.03919092815,37.694705391338 141.04513302597,37.69458182233 141.05107146373,37.694375916264 141.05700441285,37.694087736546 141.06293004649,37.693717371917 141.06884654016,37.693264936425 141.07475207225,37.692730569387 141.08064482465,37.692114435345 141.08652298329,37.691416724015 141.09238473878,37.690637650227 141.0982282869,37.689777453853 141.10405182925,37.688836399736 141.10985357375,37.687814777602 141.11563173529,37.686712901969 141.12138453621,37.685531112049 141.12711020692,37.684269771635 141.13280698645,37.682929268993 141.138473123,37.681510016731 141.14410687448,37.680012451673 141.14970650909,37.678437034721 141.15527030584,37.676784250703 141.16079655514,37.675054608226 141.16628355926,37.673248639509 141.17172963293,37.671366900219 141.17713310386,37.66940996929 141.18249231324,37.667378448746 141.18780561628,37.665272963503 141.19307138274,37.663094161176 141.19828799739,37.660842711871 141.20345386058,37.658519307977 141.2085673887,37.656124663943 141.21362701468,37.653659516052 141.21863118849,37.651124622192 141.22357837762,37.648520761613 141.22846706755,37.645848734681 141.2332957622,37.643109362629 141.23806298446,37.640303487293 141.24276727658,37.637431970848 141.24740720065,37.634495695539 141.25198133903,37.631495563398 141.25648829481,37.628432495965 141.26092669223,37.625307433993 141.26529517708,37.622121337154 141.26959241715,37.618875183741 141.27381710262,37.615569970352 141.27796794645,37.612206711584 141.28204368478,37.608786439712 141.28604307734,37.605310204365 141.28996490778,37.601779072195 141.29380798407,37.598194126545 141.29757113885,37.59455646711 141.30125322978,37.590867209589 141.30485313988,37.587127485339 141.30836977787,37.583338441022 141.31180207851,37.57950123824 141.31514900287,37.575617053183 141.3184095387,37.571687076249 141.32158270068,37.567712511684 141.32466753073,37.563694577198 141.3276630983,37.559634503592 141.33056850061,37.55553353437 141.33338286294,37.551392925353 141.33610533891,37.547213944291 141.33873511064,37.542997870464 141.34127138908,37.538745994291 141.34371341416,37.534459616924 141.34606045506,37.530140049847 141.34831181037,37.525788614468 141.35046680834,37.521406641712 141.35252480703,37.516995471607 141.35448519446,37.51255645287 141.35634738887,37.50809094249 141.35811083878,37.50360030531 141.3597750232,37.499085913603 141.36133945173,37.494549146653 141.36280366473,37.489991390325 141.3641672334,37.485414036642 141.36542975991,37.480818483354 141.3665908775,37.476206133511 141.36765025056,37.471578395028 141.36860757472,37.466936680257 141.36946257691,37.46228240555 141.37021501543,37.457616990825 141.37086468,37.452941859135 141.37141139178,37.448258436227 141.37185500344,37.443568150108 141.37219539915,37.438872430611 141.3724324946,37.434172708952 141.37256623701,37.429470417302 141.3725966051,37.42476698834 141.37252360911,37.420063854824 141.37234729074,37.415362449152 141.37206772312,37.410664202926 141.37168501079,37.405970546517 141.37119928961,37.401282908629 141.37061072669,37.396602715869 141.36991952038,37.391931392307 141.3691259001,37.387270359054 141.3682301263,37.382621033823 141.36723249038,37.377984830503 141.36613331449,37.373363158732 141.3649329515,37.368757423471 141.36363178484,37.364169024577 141.36223022835,37.359599356384 141.36072872612,37.35504980728 141.35912775238,37.350521759288 141.35742781132,37.346016587654 141.35562943687,37.341535660427 141.35373319259,37.337080338052 141.35173967142,37.33265197296 141.34964949553,37.328251909162 141.34746331606,37.323881481844 141.34518181296,37.319542016969 141.34280569471,37.315234830878 141.34033569813,37.310961229896 141.33777258815,37.306722509943 141.3351171575,37.302519956143 141.33237022652,37.298354842443 141.32953264285,37.294228431229 141.3266052812,37.290141972953 141.32358904304,37.28609670576 141.32048485631,37.282093855115 141.31729367517,37.27813463344 141.31401647965,37.274220239756 141.31065427536,37.27035185932 141.30720809318,37.266530663281 141.30367898895,37.262757808322 141.3000680431,37.259034436325 141.29637636037,37.255361674028 141.29260506942,37.251740632692 141.28875532251,37.248172407771 141.28482829513,37.244658078587 141.28082518564,37.241198708012 141.27674721492,37.237795342151 141.27259562598,37.234449010037 141.26837168359,37.23116072332 141.26407667386,37.227931475976 141.25971190392,37.224762244006 141.25527870146,37.221653985154 141.25077841435,37.218607638621 141.24621241024,37.215624124787 141.24158207614,37.212704344946 141.23688881799,37.209849181031 141.23213406027,37.207059495364 141.22731924554,37.204336130395 141.22244583402,37.201679908457 141.21751530316,37.199091631527 141.21252914719,37.196572080982 141.20748887668,37.19412201738 141.20239601808,37.191742180229 141.19725211327,37.189433287772 141.19205871911,37.187196036778 141.18681740698,37.185031102334 141.18152976228,37.18293913765 141.17619738403,37.180920773869 141.1708218843,37.178976619876 141.16540488784,37.177107262126 141.15994803151,37.175313264468 141.15445296385,37.173595167982 141.14892134459,37.171953490821 141.14335484414,37.170388728056 141.13775514309,37.168901351538 141.13212393179,37.16749180975 141.12646290974,37.166160527687 141.12077378519,37.164907906722 141.11505827458,37.163734324496 141.10931810208,37.162640134802 141.10355499904,37.161625667487 141.09777070351,37.160691228352 141.09196695974,37.159837099061 141.08614551763,37.159063537065 141.08030813228,37.158370775522 141.07445656342,37.157759023229 141.06859257492,37.157228464562 141.06271793429,37.156779259426 141.05683441211,37.1564115432 141.0509437816,37.156125426705 141.04504781803,37.155920996167 141.0391482982,37.155798313196 141.033247,37.155757414764 141.0273457018,37.155798313196 141.02144618197,37.155920996167 141.0155502184,37.156125426705 141.00965958789,37.1564115432 141.00377606571,37.156779259426 140.99790142508,37.157228464562 140.99203743658,37.157759023229 140.98618586772,37.158370775522 140.98034848237,37.159063537065 140.97452704026,37.159837099061 140.96872329649,37.160691228352 140.96293900096,37.161625667487 140.95717589792,37.162640134802 140.95143572542,37.163734324496 140.94572021481,37.164907906722 140.94003109026,37.166160527687 140.93437006821,37.16749180975 140.92873885691,37.168901351538 140.92313915586,37.170388728056 140.91757265541,37.171953490821 140.91204103615,37.173595167982 140.90654596849,37.175313264468 140.90108911216,37.177107262126 140.8956721157,37.178976619876 140.89029661597,37.180920773869 140.88496423772,37.18293913765 140.87967659302,37.185031102334 140.87443528089,37.187196036778 140.86924188673,37.189433287772 140.86409798192,37.191742180229 140.85900512332,37.19412201738 140.85396485281,37.196572080982 140.84897869684,37.199091631527 140.84404816598,37.201679908457 140.83917475446,37.204336130395 140.83435993973,37.207059495364 140.82960518201,37.209849181031 140.82491192386,37.212704344946 140.82028158976,37.215624124787 140.81571558565,37.218607638621 140.81121529854,37.221653985154 140.80678209608,37.224762244006 140.80241732614,37.227931475976 140.79812231641,37.23116072332 140.79389837402,37.234449010037 140.78974678508,37.237795342151 140.78566881436,37.241198708012 140.78166570487,37.244658078587 140.77773867749,37.248172407771 140.77388893058,37.251740632692 140.77011763963,37.255361674028 140.7664259569,37.259034436325 140.76281501105,37.262757808322 140.75928590682,37.266530663281 140.75583972464,37.27035185932 140.75247752035,37.274220239756 140.74920032483,37.27813463344 140.74600914369,37.282093855115 140.74290495696,37.28609670576 140.7398887188,37.290141972953 140.73696135715,37.294228431229 140.73412377348,37.298354842443 140.7313768425,37.302519956143 140.72872141185,37.306722509943 140.72615830187,37.310961229896 140.72368830529,37.315234830878 140.72131218704,37.319542016969 140.71903068394,37.323881481844 140.71684450447,37.328251909162 140.71475432858,37.33265197296 140.71276080741,37.337080338052 140.71086456313,37.341535660427 140.70906618868,37.346016587654 140.70736624762,37.350521759288 140.70576527388,37.35504980728 140.70426377165,37.359599356384 140.70286221516,37.364169024577 140.7015610485,37.368757423471 140.70036068551,37.373363158732 140.69926150962,37.377984830503 140.6982638737,37.382621033823 140.6973680999,37.387270359054 140.69657447962,37.391931392307 140.69588327331,37.396602715869 140.69529471039,37.401282908629 140.69480898921,37.405970546517 140.69442627688,37.410664202926 140.69414670926,37.415362449152 140.69397039089,37.420063854824 140.6938973949,37.42476698834 140.69392776299,37.429470417302 140.6940615054,37.434172708952 140.69429860085,37.438872430611 140.69463899656,37.443568150108 140.69508260822,37.448258436227 140.69562932,37.452941859135 140.69627898457,37.457616990825 140.69703142309,37.46228240555 140.69788642528,37.466936680257 140.69884374944,37.471578395028 140.6999031225,37.476206133511 140.70106424009,37.480818483354 140.7023267666,37.485414036642 140.70369033527,37.489991390325 140.70515454827,37.494549146653 140.7067189768,37.499085913603 140.70838316122,37.50360030531 140.71014661113,37.50809094249 140.71200880554,37.51255645287 140.71396919297,37.516995471607 140.71602719166,37.521406641712 140.71818218963,37.525788614468 140.72043354494,37.530140049847 140.72278058584,37.534459616924 140.72522261092,37.538745994291 140.72775888936,37.542997870464 140.73038866109,37.547213944291 140.73311113706,37.551392925353 140.73592549939,37.55553353437 140.7388309017,37.559634503592 140.74182646927,37.563694577198 140.74491129932,37.567712511684 140.7480844613,37.571687076249 140.75134499713,37.575617053183 140.75469192149,37.57950123824 140.75812422213,37.583338441022 140.76164086012,37.587127485339 140.76524077022,37.590867209589 140.76892286115,37.59455646711 140.77268601593,37.598194126545 140.77652909222,37.601779072195 140.78045092266,37.605310204365 140.78445031522,37.608786439712 140.78852605355,37.612206711584 140.79267689738,37.615569970352 140.79690158285,37.618875183741 140.80119882292,37.622121337154 140.80556730777,37.625307433993 140.81000570519,37.628432495965 140.81451266097,37.631495563398 140.81908679935,37.634495695539 140.82372672342,37.637431970848 140.82843101554,37.640303487293 140.8331982378,37.643109362629 140.83802693245,37.645848734681 140.84291562238,37.648520761613 140.84786281151,37.651124622192 140.85286698532,37.653659516052 140.8579266113,37.656124663943 140.86304013942,37.658519307977 140.86820600261,37.660842711871 140.87342261726,37.663094161176 140.87868838372,37.665272963503 140.88400168676,37.667378448746 140.88936089614,37.66940996929 140.89476436707,37.671366900219 140.90021044074,37.673248639509 140.90569744486,37.675054608226 140.91122369416,37.676784250703 140.91678749091,37.678437034721 140.92238712552,37.680012451673 140.928020877,37.681510016731 140.93368701355,37.682929268993 140.93938379308,37.684269771635 140.94510946379,37.685531112049 140.95086226471,37.686712901969 140.95664042625,37.687814777602 140.96244217075,37.688836399736 140.9682657131,37.689777453853 140.97410926122,37.690637650227 140.97997101671,37.691416724015 140.98584917535,37.692114435345 140.99174192775,37.692730569387 140.99764745984,37.693264936425 141.00356395351,37.693717371917 141.00948958715,37.694087736546 141.01542253627,37.694375916264 141.02136097403,37.69458182233 141.02730307185,37.694705391338 141.033247,37.694746585236</coordinates></LinearRing></outerBoundaryIs></Polygon>",2011,,,#FF000016,#FF0F0F,,the 30km zone,100,50,,,
,*****,,polygon,20km_zone,Japan,,,,"<Polygon><outerBoundaryIs><LinearRing><coordinates>141.033247,37.604915056824 141.03720483738,37.604887627365 141.04116146042,37.604805347404 141.04511565519,37.604668242186 141.04906620849,37.604476353778 141.05301190826,37.604229741054 141.056951544,37.60392847968 141.06088390706,37.603572662084 141.06480779111,37.603162397436 141.06872199245,37.602697811605 141.07262531043,37.602179047124 141.07651654781,37.601606263147 141.08039451113,37.600979635393 141.08425801109,37.600299356098 141.08810586292,37.599565633951 141.09193688675,37.598778694027 141.09574990799,37.59793877772 141.09954375767,37.597046142667 141.10331727286,37.596101062664 141.10706929694,37.595103827586 141.11079868007,37.594054743288 141.11450427946,37.592954131519 141.11818495979,37.591802329813 141.12183959351,37.590599691388 141.12546706125,37.589346585034 141.1290662521,37.588043394997 141.13263606401,37.586690520863 141.13617540413,37.585288377425 141.1396831891,37.583837394562 141.14315834546,37.582338017098 141.1465998099,37.580790704667 141.15000652967,37.579195931568 141.15337746285,37.577554186617 141.1567115787,37.575865972994 141.16000785796,37.574131808086 141.1632652932,37.572352223328 141.16648288907,37.570527764031 141.16965966268,37.568658989219 141.17279464385,37.566746471451 141.17588687541,37.564790796643 141.17893541353,37.562792563885 141.18193932799,37.560752385254 141.18489770244,37.558670885628 141.18780963473,37.556548702483 141.19067423716,37.554386485703 141.19349063673,37.552184897372 141.19625797544,37.549944611571 141.19897541055,37.547666314167 141.20164211481,37.545350702603 141.20425727674,37.542998485675 141.20682010085,37.540610383318 141.20932980791,37.53818712638 141.21178563515,37.535729456395 141.21418683652,37.533238125355 141.21653268292,37.530713895472 141.21882246237,37.528157538947 141.22105548029,37.52556983773 141.22323105966,37.522951583273 141.22534854122,37.520303576292 141.22740728372,37.517626626513 141.22940666406,37.514921552428 141.23134607747,37.512189181033 141.23322493773,37.509430347583 141.23504267732,37.506645895324 141.23679874758,37.503836675241 141.23849261888,37.50100354579 141.24012378077,37.498147372635 141.24169174215,37.49526902838 141.24319603138,37.492369392303 141.24463619642,37.489449350081 141.246011805,37.486509793521 141.2473224447,37.483551620283 141.24856772307,37.480575733604 141.24974726777,37.477583042023 141.25086072666,37.474574459098 141.25190776788,37.471550903128 141.25288807998,37.46851329687 141.25380137196,37.465462567256 141.25464737339,37.462399645109 141.25542583448,37.459325464856 141.25613652609,37.456240964244 141.25677923988,37.453147084053 141.25735378829,37.450044767803 141.25786000462,37.446934961472 141.25829774307,37.443818613204 141.25866687874,37.440696673016 141.25896730773,37.437570092513 141.25919894709,37.434439824595 141.25936173486,37.431306823164 141.2594556301,37.428172042837 141.25948061285,37.425036438653 141.25943668415,37.421900965782 141.25932386606,37.418766579232 141.25914220155,37.415634233562 141.2588917546,37.412504882591 141.25857261006,37.409379479105 141.25818487369,37.406258974568 141.25772867205,37.403144318836 141.25720415254,37.400036459866 141.25661148325,37.396936343427 141.25595085295,37.393844912818 141.25522247104,37.390763108577 141.25442656742,37.387691868196 141.25356339246,37.38463212584 141.25263321688,37.381584812065 141.25163633169,37.37855085353 141.25057304808,37.375531172725 141.24944369727,37.372526687684 141.2482486305,37.369538311714 141.24698821881,37.366566953116 141.245662853,37.363613514911 141.24427294343,37.360678894569 141.24281891995,37.357763983736 141.24130123173,37.354869667966 141.23972034713,37.351996826456 141.23807675352,37.349146331779 141.23637095716,37.34631904962 141.23460348304,37.343515838521 141.23277487466,37.340737549616 141.23088569393,37.33798502638 141.22893652095,37.335259104374 141.22692795384,37.332560610993 141.22486060854,37.329890365218 141.22273511863,37.327249177371 141.22055213515,37.324637848872 141.21831232636,37.322057171997 141.21601637754,37.319507929642 141.21366499082,37.316990895088 141.21125888489,37.31450683177 141.20879879487,37.312056493047 141.20628547198,37.309640621977 141.20371968339,37.307259951098 141.20110221196,37.304915202201 141.19843385598,37.302607086124 141.19571542896,37.300336302531 141.19294775933,37.298103539711 141.19013169027,37.295909474364 141.18726807936,37.293754771407 141.18435779838,37.291640083768 141.18140173304,37.2895660522 141.17840078267,37.287533305081 141.17535586001,37.285542458232 141.17226789087,37.283594114733 141.16913781391,37.281688864742 141.16596658029,37.279827285321 141.16275515346,37.278009940261 141.1595045088,37.276237379918 141.15621563337,37.274510141047 141.1528895256,37.272828746642 141.14952719498,37.271193705783 141.14612966178,37.269605513482 141.14269795671,37.268064650536 141.13923312066,37.266571583387 141.13573620434,37.265126763981 141.13220826798,37.263730629632 141.12865038103,37.262383602897 141.12506362184,37.261086091447 141.1214490773,37.259838487947 141.11780784257,37.258641169939 141.1141410207,37.25749449973 141.11044972235,37.256398824288 141.10673506543,37.255354475131 141.10299817477,37.254361768239 141.0992401818,37.253421003951 141.09546222419,37.252532466882 141.09166544554,37.251696425836 141.08785099502,37.250913133729 141.08402002702,37.250182827508 141.08017370085,37.249505728089 141.07631318035,37.248882040287 141.07243963357,37.248311952752 141.0685542324,37.247795637922 141.06465815228,37.247333251964 141.06075257177,37.24692493473 141.05683867226,37.24657080972 141.0529176376,37.246270984037 141.04899065376,37.246025548363 141.04505890845,37.245834576929 141.04112359081,37.245698127492 141.03718589103,37.245616241319 141.033247,37.245588943176 141.02930810897,37.245616241319 141.02537040919,37.245698127492 141.02143509155,37.245834576929 141.01750334624,37.246025548363 141.0135763624,37.246270984037 141.00965532774,37.24657080972 141.00574142823,37.24692493473 141.00183584772,37.247333251964 140.9979397676,37.247795637922 140.99405436643,37.248311952752 140.99018081965,37.248882040287 140.98632029915,37.249505728089 140.98247397298,37.250182827508 140.97864300498,37.250913133729 140.97482855446,37.251696425836 140.97103177581,37.252532466882 140.9672538182,37.253421003951 140.96349582523,37.254361768239 140.95975893457,37.255354475131 140.95604427765,37.256398824288 140.9523529793,37.25749449973 140.94868615743,37.258641169939 140.9450449227,37.259838487947 140.94143037816,37.261086091447 140.93784361897,37.262383602897 140.93428573202,37.263730629632 140.93075779566,37.265126763981 140.92726087934,37.266571583387 140.92379604329,37.268064650536 140.92036433822,37.269605513482 140.91696680502,37.271193705783 140.9136044744,37.272828746642 140.91027836663,37.274510141047 140.9069894912,37.276237379918 140.90373884654,37.278009940261 140.90052741971,37.279827285321 140.89735618609,37.281688864742 140.89422610913,37.283594114733 140.89113813999,37.285542458232 140.88809321733,37.287533305081 140.88509226696,37.2895660522 140.88213620162,37.291640083768 140.87922592064,37.293754771407 140.87636230973,37.295909474364 140.87354624067,37.298103539711 140.87077857104,37.300336302531 140.86806014402,37.302607086124 140.86539178804,37.304915202201 140.86277431661,37.307259951098 140.86020852802,37.309640621977 140.85769520513,37.312056493047 140.85523511511,37.31450683177 140.85282900918,37.316990895088 140.85047762246,37.319507929642 140.84818167364,37.322057171997 140.84594186485,37.324637848872 140.84375888137,37.327249177371 140.84163339146,37.329890365218 140.83956604616,37.332560610993 140.83755747905,37.335259104374 140.83560830607,37.33798502638 140.83371912534,37.340737549616 140.83189051696,37.343515838521 140.83012304283,37.34631904962 140.82841724648,37.349146331779 140.82677365287,37.351996826456 140.82519276827,37.354869667966 140.82367508005,37.357763983736 140.82222105657,37.360678894569 140.820831147,37.363613514911 140.81950578119,37.366566953116 140.8182453695,37.369538311714 140.81705030273,37.372526687684 140.81592095192,37.375531172725 140.81485766831,37.37855085353 140.81386078312,37.381584812065 140.81293060754,37.38463212584 140.81206743258,37.387691868196 140.81127152896,37.390763108577 140.81054314705,37.393844912818 140.80988251675,37.396936343427 140.80928984746,37.400036459866 140.80876532795,37.403144318836 140.80830912631,37.406258974568 140.80792138994,37.409379479105 140.8076022454,37.412504882591 140.80735179845,37.415634233562 140.80717013394,37.418766579232 140.80705731585,37.421900965782 140.80701338715,37.425036438653 140.8070383699,37.428172042837 140.80713226514,37.431306823164 140.80729505291,37.434439824595 140.80752669227,37.437570092513 140.80782712126,37.440696673016 140.80819625693,37.443818613204 140.80863399538,37.446934961472 140.80914021171,37.450044767803 140.80971476012,37.453147084053 140.81035747391,37.456240964244 140.81106816552,37.459325464856 140.81184662661,37.462399645109 140.81269262804,37.465462567256 140.81360592002,37.46851329687 140.81458623212,37.471550903128 140.81563327334,37.474574459098 140.81674673223,37.477583042023 140.81792627693,37.480575733604 140.8191715553,37.483551620283 140.820482195,37.486509793521 140.82185780358,37.489449350081 140.82329796862,37.492369392303 140.82480225785,37.49526902838 140.82637021923,37.498147372635 140.82800138112,37.50100354579 140.82969525242,37.503836675241 140.83145132268,37.506645895324 140.83326906227,37.509430347583 140.83514792253,37.512189181033 140.83708733594,37.514921552428 140.83908671628,37.517626626513 140.84114545878,37.520303576292 140.84326294034,37.522951583273 140.84543851971,37.52556983773 140.84767153763,37.528157538947 140.84996131708,37.530713895472 140.85230716348,37.533238125355 140.85470836485,37.535729456395 140.85716419209,37.53818712638 140.85967389915,37.540610383318 140.86223672326,37.542998485675 140.86485188519,37.545350702603 140.86751858945,37.547666314167 140.87023602456,37.549944611571 140.87300336327,37.552184897372 140.87581976284,37.554386485703 140.87868436527,37.556548702483 140.88159629756,37.558670885628 140.88455467201,37.560752385254 140.88755858647,37.562792563885 140.89060712459,37.564790796643 140.89369935615,37.566746471451 140.89683433732,37.568658989219 140.90001111093,37.570527764031 140.9032287068,37.572352223328 140.90648614204,37.574131808086 140.9097824213,37.575865972994 140.91311653715,37.577554186617 140.91648747033,37.579195931568 140.9198941901,37.580790704667 140.92333565454,37.582338017098 140.9268108109,37.583837394562 140.93031859587,37.585288377425 140.93385793599,37.586690520863 140.9374277479,37.588043394997 140.94102693875,37.589346585034 140.94465440649,37.590599691388 140.94830904021,37.591802329813 140.95198972054,37.592954131519 140.95569531993,37.594054743288 140.95942470306,37.595103827586 140.96317672714,37.596101062664 140.96695024233,37.597046142667 140.97074409201,37.59793877772 140.97455711325,37.598778694027 140.97838813708,37.599565633951 140.98223598891,37.600299356098 140.98609948887,37.600979635393 140.98997745219,37.601606263147 140.99386868957,37.602179047124 140.99777200755,37.602697811605 141.00168620889,37.603162397436 141.00561009294,37.603572662084 141.009542456,37.60392847968 141.01348209174,37.604229741054 141.01742779151,37.604476353778 141.02137834481,37.604668242186 141.02533253958,37.604805347404 141.02928916262,37.604887627365 141.033247,37.604915056824</coordinates></LinearRing></outerBoundaryIs></Polygon>",2011,,,#00FF0001,gray,,the 20km zone,100,50,,,
40,0.002994012,334,fixed_sensor,ID: 40,Japan,"Fukushima-ken, Minami-Soma-shi",LND 7313,GM_tube,37.5635 140.9917,2014,,2014-04-20,large_red,,http://gamma.tar.bz/nGeigies/40_small.png,sensor data,320,200,,,
41,0.002994012,334,fixed_sensor,ID: 41,Japan,"Fukushima-ken, Iwaki-shi",LND 7313,GM_tube,37.0105 140.9253,2014,,2014-04-20,large_red,,http://gamma.tar.bz/nGeigies/41_small.png,sensor data,320,200,,,
42,0.002994012,334,DEAD_sensor,ID: 42,Japan,"Fukushima-ken, Tomioka-machi",LND 7313,GM_tube,37.3293 140.9783,2014,,2014-04-20,large_red,,http://gamma.tar.bz/nGeigies/42_small.png,sensor data,320,200,,,
49,0.002994012,334,fixed_sensor,ID: 49,Japan,"Tokyo-to, Embassy of the Netherlands",LND 7313,GM_tube,35.6617 139.7447,2014,,2014-04-20,large_red,,http://gamma.tar.bz/nGeigies/49_small.png,sensor data,320,200,,,
58,0.002994012,334,DEAD_sensor,ID: 58,USA,"DC, NRCD",LND 7313,GM_tube,38.904927 -77.03476,2014,,2014-04-20,large_red,,http://gamma.tar.bz/nGeigies/58_small.png,sensor data,320,200,,,
59,0.002994012,334,fixed_sensor,ID: 59,USA,"MA, Boston, MIT",LND 7313,GM_tube,42.360781 -71.087719,2014,,2014-04-20,large_red,,http://gamma.tar.bz/nGeigies/59_small.png,sensor data,320,200,,,
60,0.002994012,334,fixed_sensor,ID: 60,USA,"CA, Sebastopol",LND 7313,GM_tube,38.4037 -122.818386,2014,,2014-04-20,large_red,,http://gamma.tar.bz/nGeigies/60_small.png,sensor data,320,200,2015-08-31: updated QTH,,
62,0.002994012,334,DEAD_sensor,ID: 62,Japan,"Tokyo-to, Shibuya-ku, Safecast office",LND 7313,GM_tube,35.6564 139.6954,2014,,2014-02-10,large_red,,http://gamma.tar.bz/nGeigies/62_small.png,sensor data,320,200,"2015-02-18 resurrected feed
2015-03-08 moved to TESTING, people constantly playing with sources apparently",,
71,0.002994012,334,fixed_sensor,ID: 71,USA,"MA, Manchester",LND 7313,GM_tube,42.565088 -70.783681,2014,,2014-07-20,large_red,,http://gamma.tar.bz/nGeigies/71_small.png,sensor data,320,200,,,
54,0.008333334,120,fixed_sensor,ID: 54,Switzerland,Lausanne,LND 712,GM_tube,46.524491 6.630666,2014,,2014-11-09,large_purple,,http://gamma.tar.bz/nGeigies/54_small.png,sensor data,320,200,2014-11-10: moved to new QTH,,
77,0.006666667,150,DEAD_sensor,ID: 77,UNKNOWN,somewhere on Earth,SBM-20,GM_tube,34.56 140.77,2014,,2014-08-06,large_blue,,http://gamma.tar.bz/nGeigies/77_small.png,sensor data,320,200,,,
80,0.0032258064,310,TEST_sensor,ID: 80,UNKNOWN,somewhere on Earth,SI-180G,GM_tube,34.56 140.80,2014,,2014-08-08,large_blue,,http://gamma.tar.bz/nGeigies/80_small.png,sensor data,320,200,,,
83,0.008333334,120,TEST_sensor,ID: 83,UNKNOWN,somewhere on Earth,LND712,GM_tube,34.56 140.83,2014,,2014-08-27,large_purple,,http://gamma.tar.bz/nGeigies/83_small.png,sensor data,320,200,2015-08-31: unify sensor spelling,,
84,0.008333334,120,TEST_sensor,ID: 84,UNKNOWN,somewhere on Earth,LND712,GM_tube,34.56 140.84,2014,,2014-08-27,large_purple,,http://gamma.tar.bz/nGeigies/84_small.png,sensor data,320,200,2015-08-31: unify sensor spelling,,
9975,0.002994012,334,DEAD_sensor,ID: 9975,Japan,"Tokyo-to, Shibuya-ku, Safecast office",LND 7318,GM_tube,35.6563892 139.6954427,2015,,2015-03-08,large_red,,http://gamma.tar.bz/nGeigies/9975_small.png,sensor data,320,200,was mistakenly put as live sensor in Hirono...,,
79,0.002994012,334,fixed_sensor,ID: 79,USA,"HI, Haiku",LND 7313,GM_tube,20.9109 -156.2887,2014,,2014-09-22,large_red,,http://gamma.tar.bz/nGeigies/79_small.png,sensor data,320,200,IMI Hawk Radius Probe #1059,,
72,0.002994012,334,fixed_sensor,ID: 72,USA,"WA, Seattle",LND 7313,GM_tube,47.612268 -122.345039,2014,,2014-09-22,large_red,,http://gamma.tar.bz/nGeigies/72_small.png,sensor data,320,200,,,
61,0.002994012,334,fixed_sensor,ID: 61,USA,"CA, Los Angeles, Griffith Park",LND 7313,GM_tube,34.121726 -118.269582,2014,,2014-09-22,large_red,,http://gamma.tar.bz/nGeigies/61_small.png,sensor data,320,200,2015-08-31: fixed wrong LOC,,
90,0.002994012,334,DEAD_sensor,ID: 90,Japan,"Chiba-ken, Ichikawa-shi",LND 7313,GM_tube,35.7459 139.9182,2014,,2014-11-01,large_red,,http://gamma.tar.bz/nGeigies/90_small.png,sensor data,320,200,,,
78,0.0010416667,960,fixed_sensor,ID: 78,USA,"CA, Botega Head (in water)",LND 78017,GM_tube,38.3151 -123.0752,2015,,,large_blue,,http://gamma.tar.bz/nGeigies/78_small.png,sensor data,320,200,"2015-08-31: fixed sensor type (ID reuse) to LND78017 in seawater, moved to TEST",,
100,0.002994012,334,fixed_sensor,ID: 100,Japan,"Chiba-ken, Ichikawa-shi",LND 73126,GM_tube,35.745923 139.918063,2015,,,large_green,,http://gamma.tar.bz/nGeigies/100_small.png,sensor data,320,200,"Jam,  Tensy-based, LND7312",,
99,0.002994012,334,fixed_sensor,ID: 99,USA,"MA, Newburyport, C-10 Office",LND 7313,GM_tube,42.812292 -70.872505,2015,,2014-07-20,large_red,,http://gamma.tar.bz/nGeigies/99_small.png,sensor data,320,200,enabled on 2015-02-18,,
101,0.002994012,334,fixed_sensor,ID: 101,Japan,"Fukushima-ken, Aizuwakamatsu-shi, Eyes Japan",LND 7313,GM_tube,37.4932 139.93305,2015,,2014-07-20,large_red,,http://gamma.tar.bz/nGeigies/101_small.png,sensor data,320,200,enabled on 2015-02-18,,
107,0.002994012,334,fixed_sensor,ID: 107,USA,"CA, Palo Alto, Triple El, #1",LND 73126,GM_tube,37.442836 -122.128094,2015,,2014-07-20,large_red,,http://gamma.tar.bz/nGeigies/107_small.png,sensor data,320,200,"enabled on 2015-02-18, pancake",,A106
106,0.008333334,120,fixed_sensor,ID: 106,USA,"CA, Palo Alto, Triple El, #2",LND 7128,GM_tube,37.442836 -122.128094,2015,,2014-07-20,large_purple,,http://gamma.tar.bz/nGeigies/106_small.png,sensor data,320,200,"enabled on 2015-02-18, energy compensated",,A106
73,0.002994012,334,fixed_sensor,ID: 73,USA,"MA, Cambridge, MIT",LND 7313,GM_tube,42.381242 -71.111946,2014,,2014-12-01,large_red,,http://gamma.tar.bz/nGeigies/73_small.png,sensor data,320,200,"was present on RT, added 2015-03-25",,
75,0.002994012,334,fixed_sensor,ID: 75,Taiwan,"Taipei, Fabcafe",LND 7318,GM_tube,25.0439 121.5290,2016,,2016-06-01,large_red,,http://gamma.tar.bz/nGeigies/75_small.png,sensor data,320,200,"2015-05: old 75 renamed to 9975
2015-06-18: TEST --> fixed",,
126,0.008333334,120,fixed_sensor,ID: 126,Japan,"Shiga-ken, Hikone, YR-Design Main",LND 712,GM_tube,35.2683 136.2493,2015,,2016-06-01,large_purple,,http://gamma.tar.bz/nGeigies/126_small.png,sensor data,320,200,"2015-06-28: TEST
2015-06-29: TEST --> fixed",,
100012,0.008333334,120,fixed_sensor,ID: 100012,Japan,"Fukushima-ken, Fukushima-shi, #2",LND 7128,GM_tube,37.6590 140.4590,2015,,,large_purple,,http://gamma.tar.bz/nGeigies/100012_small.png,sensor data,320,200,"2015-06-28: TEST
2015-06-29: TEST --> fixed
2015-08-13: changed number to #2",,10001
100011,0.002994012,334,fixed_sensor,ID: 100011,Japan,"Fukushima-ken, Fukushima-shi, #1",LND 73126,GM_tube,37.6590 140.4590,2015,,,large_red,,http://gamma.tar.bz/nGeigies/100011_small.png,sensor data,320,200,"2015-06-28: TEST
2015-06-29: TEST --> fixed",,10001
100021,0.008333334,120,fixed_sensor,ID: 100021,Japan,"Tokyo, Minato-ku, Roppongi, #2",LND 7128,GM_tube,35.659491 139.72785,2015,,,large_purple,,http://gamma.tar.bz/nGeigies/100021_small.png,sensor data,320,200,"2015-08-11: TEST
2015-08-31: TEST -> fixed; changed sensor; fixed numbering",,10002
100022,0.002994012,334,fixed_sensor,ID: 100022,Japan,"Tokyo, Minato-ku, Roppongi, #1",LND 73126,GM_tube,35.659491 139.72785,2015,,,large_red,,http://gamma.tar.bz/nGeigies/100022_small.png,sensor data,320,200,"2015-08-11: TEST
2015-08-31: TEST -> fixed; changed sensor; fixed numbering",,10002
200051,0.002994012,334,fixed_sensor,ID: 200051,USA,"CA, Sebastopol, International Medcom #1",LND 73126,GM_tube,38.4037 -122.818386,2015,,,large_red,,http://gamma.tar.bz/nGeigies/200051_small.png,sensor data,320,200,"2015-08-13: TEST
2015-08-31: TEST -> fixed; changed sensor",,20005
200052,0.008333334,120,fixed_sensor,ID: 200052,USA,"CA, Sebastopol, International Medcom #2",LND 712,GM_tube,38.4037 -122.818386,2015,,,large_purple,,http://gamma.tar.bz/nGeigies/200052_small.png,sensor data,320,200,"2015-08-13: TEST
2015-08-31: TEST -> fixed; changed sensor",,20005
132,0.002994012,334,TEST_sensor,ID: 132,Japan,"Tokyo-to, Minato-ku, Mita",LND 7313,GM_tube,35.6431981 139.7397488,2015,,,large_red,,http://gamma.tar.bz/nGeigies/132_small.png,sensor data,320,200,2015-08-26: new TEST sensor; Onyx+Wizkers,,
100091,0.002994012,334,TEST_sensor,ID: 100091,Japan,"Fukushima-ken, Tomioka-shi #1",LND 73126,GM_tube,37.32925 140.978431,2015,,,large_red,,http://gamma.tar.bz/nGeigies/100091_small.png,sensor data,320,200,2015-08-31: TEST,,10009
100092,0.008333334,120,TEST_sensor,ID: 100092,Japan,"Fukushima-ken, Tomioka-shi #2",LND 7128,GM_tube,37.32925 140.978431,2015,,,large_purple,,http://gamma.tar.bz/nGeigies/100092_small.png,sensor data,320,200,"2015-08-31: TEST
2015-08-31: fixed numbering",,10009
